<?xml version='1.0' encoding='UTF-8' ?>
<timeLogEntries>
  <time id="3" path="/Tareas Integradoras/Generic/Planning" start="@1632002902926" delta="37" interrupt="55" comment="Se revisa el enunciado" />
  <time id="4" path="/Tareas Integradoras/Generic/Planning" start="@1632009044142" delta="28" comment="Se trabaja en los requisitos " />
  <time id="5" path="/Tareas Integradoras/Generic/Coding" start="@1632025064801" delta="20" comment="Se empieza el codigo" />
  <time id="6" path="/Tareas Integradoras/Generic/Planning" start="@1632026860000" delta="19" />
  <time id="7" path="/Tareas Integradoras/Generic/Coding" start="@1632075340653" delta="59" comment="Se trabaja en las estanterias, entrada por consola" />
  <time id="8" path="/Tareas Integradoras/Generic/Coding" start="@1632088477322" delta="6" interrupt="247" />
  <time id="9" path="/Tareas Integradoras/Generic/Coding" start="@1632189633490" delta="43" interrupt="2" comment="Se trabajo en los clientes" />
  <time id="10" path="/Tareas Integradoras/Generic/Coding" start="@1632268613120" delta="38" comment="Se solucion el ordenamiento de las lista de compras de los empleados" />
  <time id="11" path="/Tareas Integradoras/Generic/Coding" start="@1632274126390" delta="32" />
  <time id="12" path="/Tareas Integradoras/Generic/Coding" start="@1632347620751" delta="134" comment="Se arreglo la forma de añadir juegos a las estanterias" />
  <time id="13" path="/Tareas Integradoras/Generic/Coding" start="@1632353821639" delta="58" interrupt="8" />
  <time id="14" path="/Tareas Integradoras/Generic/Coding" start="@1632356238000" delta="24" interrupt="8" />
  <time id="15" path="/Tareas Integradoras/Generic/Coding" start="@1632357468931" delta="166" comment="Se termino todo en terminos de consola" />
  <time id="12" path="/Tareas Integradoras/Generic/Coding" start="@1632347620751" delta="67" comment="Se arreglo la forma de añadir juegos a las estanterias" />
  <time id="13" path="/Tareas Integradoras/Generic/Coding" start="@1632353821639" delta="29" interrupt="4" />
  <time id="14" path="/Tareas Integradoras/Generic/Coding" start="@1632356238000" delta="12" interrupt="4" />
  <time id="15" path="/Tareas Integradoras/Generic/Coding" start="@1632357468931" delta="83" comment="Se termino todo en terminos de consola" />
  <time id="16" path="/Tareas Integradoras/Generic/Coding" start="@1632515837299" delta="14" comment="Se corrige las estruturas de datos" />
  <time id="17" path="/Tareas Integradoras/Generic/Coding" start="@1632518346981" delta="35" comment="Se termina de corregir" />
  <time id="18" path="/Tareas Integradoras/Generic/JUnit" start="@1632522400049" delta="3" interrupt="6" />
  <time id="21" path="/Tareas Integradoras/Generic/Planning" start="@1632789169471" delta="108" interrupt="20" comment="Se trabaja en el metodo de la ingeniera" />
  <time id="22" path="/Tareas Integradoras/Generic/Planning" start="@1632846733388" delta="12" />
  <time id="23" path="/Tareas Integradoras/Generic/Planning" start="@1632848790056" delta="32" />
  <time id="24" path="/Tareas Integradoras/Generic/Coding" start="@1632850691227" delta="18" comment="Se corrige un error y se documenta la parte por consola" />
  <time id="25" path="/Tareas Integradoras/Generic/Planning" start="@1632857807721" delta="13" comment="Se termina gran parte del metodo de la ingeniera y se hace commit " />
  <time id="26" path="/T2/T2/Planning" start="@1634329909825" delta="23" comment="Se re lee el enunciado" />
  <time id="27" path="/T2/T2/Planning" start="@1634331796568" delta="11" comment="Se investiga sobre los arboles rojo y negros" />
  <time id="28" path="/T2/T2/Planning" start="@1634333765588" delta="5" comment="Se sigue investigando sobre arboles rojo y negros" />
  <time id="29" path="/T2/T2/Planning" start="@1634334415072" delta="42" comment="Se empieza el metodo de la ingenieria " />
  <time id="30" path="/T2/T2/Planning" start="@1634337894160" delta="6" comment="Se continua con lo de arriba " />
  <time id="31" path="/T2/T2/Planning" start="@1634340021257" delta="38" comment="Se hacen las investigaciones necesarias " />
  <time id="32" path="/T2/T2/Planning" start="@1634342965806" delta="16" comment="Se proponen ideas " />
  <time id="33" path="/T2/T2/Planning" start="@1634436744944" delta="39" interrupt="4" comment="Se empieza a trabajar en la evaluación de alternativas" />
  <time id="34" path="/T2/T2/Planning" start="@1634440078852" delta="22" comment="Se termina el metodo de la ingenieria hasta la implementación del diseño, y se hacen los requerimientos" />
  <time id="35" path="/T2/T2/Coding" start="@1634512653468" delta="66" comment="Se crea la base de datos, y se crea el import en el codigo" />
  <time id="36" path="/T2/T2/Coding" start="@1634525267517" delta="46" comment="Se crea las busquedas lineales y una thread para la busqueda lineal sin rango" />
  <time id="37" path="/T2/T2/Coding" start="@1634529093110" delta="9" comment="Se crea una thread para la busqueda lineal con rango, auque hay un while que podria causar problemas más adelante" />
  <time id="38" path="/T2/T2/Coding" start="@1634595309482" delta="40" comment="Se crea una forma de crear arboles binarios con la lista de jugadores que tenemos del archivo del csv" />
  <time id="39" path="/T2/T2/Coding" start="@1634599470605" delta="62" comment="Se crea una thread que maneja la creación de 4 arboles binarios y se crea una busqueda binaria que retorna el primer jugador con el valor deseado, aun no esta implementado pero se prueba y funciona. Se soluciona un error con la creación de arboles" />
  <time id="40" path="/T2/T2/Coding" start="@1634782315538" delta="42" comment="Se empieza a trabajar en la modifiación de objetos." />
  <time id="41" path="/T2/T2/Coding" start="@1635015249437" delta="46" comment="Se crea un metodo de busqueda binaria que encuentra todos los nodos con el mismo valor, y no es lineal. Además, ahora carga la lista de la interface, no de la mejor forma pero aja, ahí vamos" />
  <time id="42" path="/T2/T2/Coding" start="@1635031390391" delta="62" comment="Se crea un metodo que modifica valores ya existentes en los arboles y la lista. Se crea un metodo que borra jugadores especificos y otro que los busca" />
  <time id="43" path="/T2/T2/Coding" start="@1635283364940" delta="21" comment="Se trabajo en la interface y se implemento las buquedas del arbol" />
  <time id="44" path="/T2/T2/Coding" start="@1635298373983" delta="16" comment="Se corrige un error en la interface" />
  <time id="45" path="/T2/T2/Planning" start="@1635299356397" delta="41" comment="Se trabajo en el diagrama de clases " />
  <time id="46" path="/T2/T2/Coding" start="@1635337664178" delta="42" comment="Se trabaja en la interface, y se crean" />
  <time id="47" path="/T2/T2/Planning" start="@1635355682130" delta="55" comment="Se trabaja en los TAD" />
  <time id="48" path="/T2/T2/Planning" start="@1635386585528" delta="164" comment="Se tcontinua con los TADS y se terminan" />
  <time id="49" path="/T2/T2/Coding" start="@1635473266586" delta="40" comment="Se trabajo en el metodo de modificar y en su implementación en la ui, tambien se hizo el delete" />
  <time id="50" path="/T2/T2/JUnit" start="@1635477131637" delta="38" comment="Se empieza el JUnit del modelo" />
  <time id="51" path="/T2/T2/JUnit" start="@1635535121119" delta="56" comment="Se termina el JUnit del modelo" />
</timeLogEntries>
