<?xml version='1.0' encoding='UTF-8' ?>
<timeLogEntries>
  <time id="15" path="/Proyecto/TI2/Code" start="@1635765465374" delta="50" flag="A" />
  <time id="16" path="/Proyecto/TI2/Design" start="@1635160807000" delta="75" flag="A" />
  <time id="17" path="/Proyecto/TI2/Design" start="@1635704409000" delta="188" flag="A" />
  <time id="18" path="/Proyecto/TI2/Design" start="@1635760809000" delta="95" flag="A" />
  <time id="19" path="/Proyecto/TI2/Design" start="@1635764409000" delta="150" flag="A" />
  <time id="14" delta="60" flag="M" />
  <time id="20" path="/Proyecto/TI2/Code" start="@1635704549000" delta="195" flag="A" />
  <time id="21" path="/Proyecto/TI2/Code" start="@1635247350000" delta="80" flag="A" />
  <time id="22" path="/Proyecto/TI2/Code" start="@1635603750000" delta="208" flag="A" />
  <time id="23" path="/Proyecto/TI2/Code" start="@1634829750000" delta="200" flag="A" />
  <time id="24" path="/Proyecto/TI2/Planning" start="@1635762211000" delta="90" flag="A" />
  <time id="25" path="/Proyecto/TI2/Planning" start="@1635708211000" delta="120" flag="A" />
  <time id="26" path="/Proyecto/TI2/Planning" start="@1635285811000" delta="120" flag="A" />
  <time id="27" path="/Proyecto/TI2/Planning" start="@1635765811000" delta="30" flag="A" />
</timeLogEntries>
